{
  "hash": "260aae86",
  "browserHash": "49c267ce",
  "optimized": {
    "@angular/common": {
      "src": "../../../../../node_modules/@angular/common/fesm2022/common.mjs",
      "file": "@angular_common.js",
      "fileHash": "00b0411d",
      "needsInterop": false
    },
    "@angular/common/http": {
      "src": "../../../../../node_modules/@angular/common/fesm2022/http.mjs",
      "file": "@angular_common_http.js",
      "fileHash": "1c167d50",
      "needsInterop": false
    },
    "@angular/core": {
      "src": "../../../../../node_modules/@angular/core/fesm2022/core.mjs",
      "file": "@angular_core.js",
      "fileHash": "107e99cd",
      "needsInterop": false
    },
    "@angular/forms": {
      "src": "../../../../../node_modules/@angular/forms/fesm2022/forms.mjs",
      "file": "@angular_forms.js",
      "fileHash": "bf0ad561",
      "needsInterop": false
    },
    "@angular/platform-browser": {
      "src": "../../../../../node_modules/@angular/platform-browser/fesm2022/platform-browser.mjs",
      "file": "@angular_platform-browser.js",
      "fileHash": "e2f231b5",
      "needsInterop": false
    },
    "@angular/router": {
      "src": "../../../../../node_modules/@angular/router/fesm2022/router.mjs",
      "file": "@angular_router.js",
      "fileHash": "30c0bc45",
      "needsInterop": false
    }
  },
  "chunks": {
    "chunk-M2LVWWGN": {
      "file": "chunk-M2LVWWGN.js"
    },
    "chunk-4P46Y5TD": {
      "file": "chunk-4P46Y5TD.js"
    },
    "chunk-GG5BJ3P3": {
      "file": "chunk-GG5BJ3P3.js"
    },
    "chunk-GWLPIXA7": {
      "file": "chunk-GWLPIXA7.js"
    }
  }
}